Steps,AVG_weight,STD_weight,STD_rel_weight
100,0.7248,0.006900000000000017,0.009519867549668899
500,3.58645,0.030249999999999888,0.008434524390413888
