Steps,AVG_weight,STD_weight,STD_rel_weight
100,0.6970000000000001,0.0025000000000000022,0.003586800573888095
500,3.5742,0.0383,0.010715684628728107
