Steps,AVG_weight,STD_weight,STD_rel_weight
12,0.0,0.0,nan
24,0.00045000000000000004,0.00035000000000000005,0.7777777777777778
