Steps,AVG_weight,STD_weight,STD_rel_weight
17,-5e-05,5e-05,-1.0
33,-0.00015000000000000001,5e-05,-0.3333333333333333
